-- 初始化测试数据

-- 插入食堂数据
INSERT INTO canteen (CanteenId, CanteenName, Status, FK_Creator, CreateDatetime, CreateIP) VALUES
('C001', '第一食堂', 1, 'admin', '20250728', '127.0.0.1'),
('C002', '第二食堂', 1, 'admin', '20250728', '127.0.0.1');

-- 插入部门数据
INSERT INTO agencies (AgenciesId, AgenciesName, Status, FK_Creator, CreateDatetime, CreateIP) VALUES
('A001', '信息技术部', 1, 'admin', '20250728', '127.0.0.1'),
('A002', '人力资源部', 1, 'admin', '20250728', '127.0.0.1'),
('A003', '财务部', 1, 'admin', '20250728', '127.0.0.1');

-- 插入角色数据
INSERT INTO role (RoleId, RoleName, Status, FK_Creator, CreateDateIP, CreateIP) VALUES
('R001', '管理员', 1, 'admin', '20250728', '127.0.0.1'),
('R002', '普通用户', 1, 'admin', '20250728', '127.0.0.1'),
('R003', '档口人员', 1, 'admin', '20250728', '127.0.0.1');

-- 插入用户数据
INSERT INTO user (UserId, UserName, RoleId, AgenciesId, FullName, Password, Status, FK_Creator, CreateDatetime, CreateIP, phonenumber) VALUES
('U001', 'admin', 'R001', 'A001', '管理员', '123456', 1, 'admin', '20250728', '127.0.0.1', '13800138000'),
('U002', 'user001', 'R002', 'A001', '张三', '123456', 1, 'admin', '20250728', '127.0.0.1', '13800138001'),
('U003', 'user002', 'R002', 'A002', '李四', '123456', 1, 'admin', '20250728', '127.0.0.1', '13800138002');

-- 插入餐票类型数据
INSERT INTO tickettype (TypeID, TypeName, Value, CanteenId, Status, FK_Creator, CreateDatetime, CreateIP, remark) VALUES
('T001', '早餐券', 5, 'C001', 1, 'admin', '20250728', '127.0.0.1', '早餐专用餐券，面额5元'),
('T002', '午餐券', 12, 'C001', 1, 'admin', '20250728', '127.0.0.1', '午餐专用餐券，面额12元'),
('T003', '晚餐券', 10, 'C001', 1, 'admin', '20250728', '127.0.0.1', '晚餐专用餐券，面额10元'),
('T004', '早餐券', 5, 'C002', 1, 'admin', '20250728', '127.0.0.1', '第二食堂早餐券，面额5元'),
('T005', '午餐券', 15, 'C002', 1, 'admin', '20250728', '127.0.0.1', '第二食堂午餐券，面额15元');

-- 插入档口数据
INSERT INTO stall (StallId, StallName, CanteenId, Statue, FK_Creator, CreateDatetime, CreateIP) VALUES
('S001', '川菜档口', 'C001', 1, 'admin', '20250728', '127.0.0.1'),
('S002', '粤菜档口', 'C001', 1, 'admin', '20250728', '127.0.0.1'),
('S003', '面食档口', 'C002', 1, 'admin', '20250728', '127.0.0.1'),
('S004', '快餐档口', 'C002', 1, 'admin', '20250728', '127.0.0.1');


INSERT INTO agencies (AgenciesId, AgenciesName, Status, FK_Creator, CreateDatetime, CreateIP) VALUES
                                                                                                  ('AG100001', 'Global Partners', 1, 'usr_john', '20250715143022', '192.168.1.101'),
                                                                                                  ('AG100002', 'Alpha Solutions', 0, 'usr_emma', '20250520110845', '10.20.30.40'),
                                                                                                  ('AG100003', 'Summit Alliance', 1, 'usr_mike', '20250804114530', '172.16.254.1'),
                                                                                                  ('AG100004', 'Nexus Group', 1, 'usr_sara', '20250630093217', '203.0.113.5'),
                                                                                                  ('AG100005', 'Prime Network', 0, 'usr_tom', '20250422172005', '198.51.100.10'),
                                                                                                  ('AG100006', 'Horizon Intl', 1, 'usr_anna', '20250918081533', '192.0.2.15'),
                                                                                                  ('AG100007', 'Vertex Agency', 1, 'usr_dave', '20250703145900', '172.31.255.8'),
                                                                                                  ('AG100008', 'Pinnacle Co', 0, 'usr_lucy', '20250312110044', '10.0.0.127'),
                                                                                                  ('AG100009', 'Apex Partners', 1, 'usr_jack', '20251005225510', '198.18.0.1'),
                                                                                                  ('AG100010', 'Infinity Group', 1, 'usr_kate', '20250115204019', '203.0.113.99'),
                                                                                                  ('AG100011', 'Elite Worldwide', 0, 'usr_ryan', '20251130113005', '192.168.0.200'),
                                                                                                  ('AG100012', 'Vanguard Ltd', 1, 'usr_rose', '20250228143258', '172.20.10.5'),
                                                                                                  ('AG100013', 'Omni Services', 1, 'usr_leo', '20250901162540', '10.100.50.25'),
                                                                                                  ('AG100014', 'Unity Alliance', 0, 'usr_zoe', '20250405090813', '198.19.255.3'),
                                                                                                  ('AG100015', 'Core Dynamics', 1, 'usr_max', '20250622175501', '192.0.0.12'),
                                                                                                  ('AG100016', 'Stellar Group', 1, 'usr_ella', '20250819071029', '172.17.1.100'),
                                                                                                  ('AG100017', 'Frontier Inc', 0, 'usr_owen', '20251030142055', '10.1.1.254'),
                                                                                                  ('AG100018', 'Infinitum Co', 1, 'usr_ava', '20250307161938', '203.0.113.77'),
                                                                                                  ('AG100019', 'Genesis Global', 1, 'usr_noah', '20250728112247', '198.51.100.50'),
                                                                                                  ('AG100020', 'Orion Partners', 0, 'usr_lily', '20250511140536', '192.168.100.5');






INSERT INTO Canteen (CanteenId, CanteenName, Status, FK_Creator, CreateDatetime, CreateIP) VALUES
                                                                                               ('CT100001', '一食堂', 1, 'usr_john', '202507151430', '192.168.1.101'),
                                                                                               ('CT100002', '二食堂', 0, 'usr_emma', '202505201108', '10.20.30.40'),
                                                                                               ('CT100003', '三食堂', 1, 'usr_mike', '202508041145', '172.16.254.1'),
                                                                                               ('CT100004', '清真食堂', 1, 'usr_sara', '202506300932', '203.0.113.5'),
                                                                                               ('CT100005', '教工食堂', 0, 'usr_tom', '202504221720', '198.51.100.10'),
                                                                                               ('CT100006', '南区食堂', 1, 'usr_anna', '202509180815', '192.0.2.15'),
                                                                                               ('CT100007', '北区食堂', 1, 'usr_dave', '202507031459', '172.31.255.8'),
                                                                                               ('CT100008', '西餐厅', 0, 'usr_lucy', '202503121100', '10.0.0.127'),
                                                                                               ('CT100009', '风味食堂', 1, 'usr_jack', '202510052255', '198.18.0.1'),
                                                                                               ('CT100010', '美食广场', 1, 'usr_kate', '202501152040', '203.0.113.99'),
                                                                                               ('CT100011', '快餐中心', 0, 'usr_ryan', '202511301130', '192.168.0.200'),
                                                                                               ('CT100012', '教工二厅', 1, 'usr_rose', '202502281432', '172.20.10.5'),
                                                                                               ('CT100013', '国际餐厅', 1, 'usr_leo', '202509011625', '10.100.50.25'),
                                                                                               ('CT100014', '东苑餐厅', 0, 'usr_zoe', '202504050908', '198.19.255.3'),
                                                                                               ('CT100015', '西苑餐厅', 1, 'usr_max', '202506221755', '192.0.0.12'),
                                                                                               ('CT100016', '南苑餐厅', 1, 'usr_ella', '202508190710', '172.17.1.100'),
                                                                                               ('CT100017', '北苑餐厅', 0, 'usr_owen', '202510301420', '10.1.1.254'),
                                                                                               ('CT100018', '教工三厅', 1, 'usr_ava', '202503071619', '203.0.113.77'),
                                                                                               ('CT100019', '教工四厅', 1, 'usr_noah', '202507281122', '198.51.100.50'),
                                                                                               ('CT100020', '特色餐厅', 0, 'usr_lily', '202505111405', '192.168.100.5');


INSERT INTO role (RoleId, RoleName, Status, FK_Creator, CreateDateIP, CreateIP) VALUES
                                                                                    ('RL100001', '系统管理员', 1, 'usr_john', '20250715143022', '192.168.1.101'),
                                                                                    ('RL100002', '财务主管', 1, 'usr_emma', '20250520110845', '10.20.30.40'),
                                                                                    ('RL100003', '食堂经理', 0, 'usr_mike', '20250804114530', '172.16.254.1'),
                                                                                    ('RL100004', '采购专员', 1, 'usr_sara', '20250630093217', '203.0.113.5'),
                                                                                    ('RL100005', '库存管理', 1, 'usr_tom', '20250422172005', '198.51.100.10'),
                                                                                    ('RL100006', '客服主管', 0, 'usr_anna', '20250918081533', '192.0.2.15'),
                                                                                    ('RL100007', '数据分析师', 1, 'usr_dave', '20250703145900', '172.31.255.8'),
                                                                                    ('RL100008', '审计专员', 1, 'usr_lucy', '20250312110044', '10.0.0.127'),
                                                                                    ('RL100009', '运营总监', 0, 'usr_jack', '20251005225510', '198.18.0.1'),
                                                                                    ('RL100010', '菜品审核', 1, 'usr_kate', '20250115204019', '203.0.113.99'),
                                                                                    ('RL100011', '设备维护', 1, 'usr_ryan', '20251130113005', '192.168.0.200'),
                                                                                    ('RL100012', '卫生督察', 0, 'usr_rose', '20250228143258', '172.20.10.5'),
                                                                                    ('RL100013', '营养师', 1, 'usr_leo', '20250901162540', '10.100.50.25'),
                                                                                    ('RL100014', '收银主管', 1, 'usr_zoe', '20250405090813', '198.19.255.3'),
                                                                                    ('RL100015', '厨师长', 0, 'usr_max', '20250622175501', '192.0.0.12'),
                                                                                    ('RL100016', '配送经理', 1, 'usr_ella', '20250819071029', '172.17.1.100'),
                                                                                    ('RL100017', '安全主管', 1, 'usr_owen', '20251030142055', '10.1.1.254'),
                                                                                    ('RL100018', '培训专员', 0, 'usr_ava', '20250307161938', '203.0.113.77'),
                                                                                    ('RL100019', '实习生', 1, 'usr_noah', '20250728112247', '198.51.100.50'),
                                                                                    ('RL100020', '访客账户', 1, 'usr_lily', '20250511140536', '192.168.100.5');



INSERT INTO User (UserId, UserName, RoleId, AgenciesId, FullName, Password, Status, FK_Creator, CreateDatetime, CreateIP, phonenumber) VALUES
                                                                                                                                           ('USR10001', 'zhang_s', 'RL100001', 'AG100001', '张三', 'pass1234', 1, 'usr_john', '202501151230', '192.168.1.10', '13800138001'),
                                                                                                                                           ('USR10002', 'li_w', 'RL100002', 'AG100002', '李伟', 'p@ssw0rd!', 0, 'usr_emma', '202502031445', '10.0.0.1', '13912345678'),
                                                                                                                                           ('USR10003', 'wang_j', 'RL100003', 'AG100003', '王静', 'secret789', 1, 'usr_mike', '202503121020', '172.16.0.5', '13711223344'),
                                                                                                                                           ('USR10004', 'zhao_m', 'RL100004', 'AG100004', '赵敏', 'qwerty123', 1, 'usr_sara', '202504050845', '203.0.113.1', '13544556677'),
                                                                                                                                           ('USR10005', 'qian_l', 'RL100005', 'AG100005', '钱磊', 'Pass#2025', 0, 'usr_tom', '202505181730', '198.51.100.2', '18600001111'),
                                                                                                                                           ('USR10006', 'sun_x', 'RL100006', 'AG100006', '孙霞', 'sun2025!', 1, 'usr_anna', '202506091105', '192.0.2.3', '15987654321'),
                                                                                                                                           ('USR10007', 'zhou_h', 'RL100007', 'AG100007', '周慧', 'zhou@123', 1, 'usr_dave', '202507221550', '172.31.255.4', '15111223344'),
                                                                                                                                           ('USR10008', 'wu_g', 'RL100008', 'AG100008', '吴刚', 'wg_2025', 0, 'usr_lucy', '202508141130', '10.0.0.128', '18812345678'),
                                                                                                                                           ('USR10009', 'zheng_f', 'RL100009', 'AG100009', '郑芳', 'zheng!pw', 1, 'usr_jack', '202509030915', '198.18.0.2', '13211223344'),
                                                                                                                                           ('USR10010', 'feng_y', 'RL100010', 'AG100010', '冯云', 'feng#2025', 1, 'usr_kate', '202510111740', '203.0.113.100', '13722334455'),
                                                                                                                                           ('USR10011', 'chen_d', 'RL100011', 'AG100011', '陈东', 'cd@2025', 0, 'usr_ryan', '202511051215', '192.168.0.201', '13933445566'),
                                                                                                                                           ('USR10012', 'chu_l', 'RL100012', 'AG100012', '楚琳', 'cl_pw123', 1, 'usr_rose', '202512191000', '172.20.10.6', '18611223344'),
                                                                                                                                           ('USR10013', 'wei_s', 'RL100013', 'AG100013', '魏山', 'ws_2025', 1, 'usr_leo', '202501281630', '10.100.50.26', '13555667788'),
                                                                                                                                           ('USR10014', 'jiang_m', 'RL100014', 'AG100014', '蒋梅', 'jm#1234', 0, 'usr_zoe', '202502140945', '198.19.255.4', '15899887766'),
                                                                                                                                           ('USR10015', 'shen_h', 'RL100015', 'AG100015', '沈浩', 'sh_pw2025', 1, 'usr_max', '202503061720', '192.0.0.13', '13766554433'),
                                                                                                                                           ('USR10016', 'han_x', 'RL100016', 'AG100016', '韩雪', 'hx@2025', 1, 'usr_ella', '202504171105', '172.17.1.101', '13988776655'),
                                                                                                                                           ('USR10017', 'yang_l', 'RL100017', 'AG100017', '杨林', 'yl_12345', 0, 'usr_owen', '202505081450', '10.1.1.255', '13344556677'),
                                                                                                                                           ('USR10018', 'zhu_w', 'RL100018', 'AG100018', '朱雯', 'zw!2025', 1, 'usr_ava', '202506221030', '203.0.113.78', '13677889900'),
                                                                                                                                           ('USR10019', 'qin_m', 'RL100019', 'AG100019', '秦明', 'qm#pw', 1, 'usr_noah', '202507131815', '198.51.100.51', '15011223344'),
                                                                                                                                           ('USR10020', 'you_f', 'RL100020', 'AG100020', '尤峰', 'yf_2025', 0, 'usr_lily', '202508041200', '192.168.100.6', '18900112233'),
                                                                                                                                           ('USR10021', 'xu_r', 'RL100001', 'AG100001', '徐冉', 'xr@1234', 1, 'usr_john', '202509151545', '192.168.1.11', '13811223344'),
                                                                                                                                           ('USR10022', 'he_j', 'RL100002', 'AG100002', '何静', 'hj_pw2025', 0, 'usr_emma', '202510061030', '10.0.0.2', '13922334455'),
                                                                                                                                           ('USR10023', 'luo_p', 'RL100003', 'AG100003', '罗萍', 'lp!2025', 1, 'usr_mike', '202511171915', '172.16.0.6', '13733445566'),
                                                                                                                                           ('USR10024', 'gao_y', 'RL100004', 'AG100004', '高阳', 'gy#123', 1, 'usr_sara', '202512080800', '203.0.113.2', '13566778899'),
                                                                                                                                           ('USR10025', 'lin_h', 'RL100005', 'AG100005', '林海', 'lh@2025', 0, 'usr_tom', '202501191645', '198.51.100.3', '18622334455'),
                                                                                                                                           ('USR10026', 'ma_x', 'RL100006', 'AG100006', '马鑫', 'mx_pw', 1, 'usr_anna', '202502101120', '192.0.2.4', '15933445566'),
                                                                                                                                           ('USR10027', 'liang_z', 'RL100007', 'AG100007', '梁志', 'lz_2025!', 1, 'usr_dave', '202503021755', '172.31.255.5', '15122334455'),
                                                                                                                                           ('USR10028', 'cai_m', 'RL100008', 'AG100008', '蔡梅', 'cm#pw', 0, 'usr_lucy', '202504140930', '10.0.0.129', '18833445566'),
                                                                                                                                           ('USR10029', 'xie_j', 'RL100009', 'AG100009', '谢军', 'xj@2025', 1, 'usr_jack', '202505051615', '198.18.0.3', '13222334455'),
                                                                                                                                           ('USR10030', 'tang_y', 'RL100010', 'AG100010', '唐颖', 'ty!1234', 1, 'usr_kate', '202506161100', '203.0.113.101', '13733445566'),
                                                                                                                                           ('USR10031', 'song_l', 'RL100011', 'AG100011', '宋磊', 'sl_2025', 0, 'usr_ryan', '202507071745', '192.168.0.202', '13944556677'),
                                                                                                                                           ('USR10032', 'pan_x', 'RL100012', 'AG100012', '潘霞', 'px#pw', 1, 'usr_rose', '202508181230', '172.20.10.7', '18633445566'),
                                                                                                                                           ('USR10033', 'ren_w', 'RL100013', 'AG100013', '任伟', 'rw@2025', 1, 'usr_leo', '202509091015', '10.100.50.27', '13566778899'),
                                                                                                                                           ('USR10034', 'du_f', 'RL100014', 'AG100014', '杜芳', 'df_2025!', 0, 'usr_zoe', '202510201850', '198.19.255.5', '15811223344'),
                                                                                                                                           ('USR10035', 'deng_h', 'RL100015', 'AG100015', '邓华', 'dh#123', 1, 'usr_max', '202511111325', '192.0.0.14', '13777665544'),
                                                                                                                                           ('USR10036', 'bao_m', 'RL100016', 'AG100016', '鲍敏', 'bm@2025', 1, 'usr_ella', '202512021110', '172.17.1.102', '13999887766'),
                                                                                                                                           ('USR10037', 'peng_l', 'RL100017', 'AG100017', '彭亮', 'pl_2025', 0, 'usr_owen', '202501131755', '10.1.1.256', '13355667788'),
                                                                                                                                           ('USR10038', 'lu_y', 'RL100018', 'AG100018', '陆勇', 'ly!pw', 1, 'usr_ava', '202502241640', '203.0.113.79', '13688990011'),
                                                                                                                                           ('USR10039', 'kong_j', 'RL100019', 'AG100019', '孔杰', 'kj@2025', 1, 'usr_noah', '202503151025', '198.51.100.52', '15022334455'),
                                                                                                                                           ('USR10040', 'yan_h', 'RL100020', 'AG100020', '严华', 'yh#1234', 0, 'usr_lily', '202504061510', '192.168.100.7', '18911223344'),
                                                                                                                                           ('USR10041', 'zhong_l', 'RL100001', 'AG100001', '钟灵', 'zl_2025', 1, 'usr_john', '202505170845', '192.168.1.12', '13822334455'),
                                                                                                                                           ('USR10042', 'yu_m', 'RL100002', 'AG100002', '于梅', 'ym@pw', 0, 'usr_emma', '202506081730', '10.0.0.3', '13933445566'),
                                                                                                                                           ('USR10043', 'xue_f', 'RL100003', 'AG100003', '薛峰', 'xf!2025', 1, 'usr_mike', '202507191115', '172.16.0.7', '13744556677'),
                                                                                                                                           ('USR10044', 'ou_y', 'RL100004', 'AG100004', '欧洋', 'oy#pw', 1, 'usr_sara', '202508100900', '203.0.113.3', '13577889900'),
                                                                                                                                           ('USR10045', 'di_g', 'RL100005', 'AG100005', '狄刚', 'dg_2025', 0, 'usr_tom', '202509211645', '198.51.100.4', '18644556677'),
                                                                                                                                           ('USR10046', 'mu_r', 'RL100006', 'AG100006', '穆荣', 'mr@123', 1, 'usr_anna', '202510121120', '192.0.2.5', '15955667788'),
                                                                                                                                           ('USR10047', 'yin_h', 'RL100007', 'AG100007', '殷红', 'yh_pw2025', 1, 'usr_dave', '202511031755', '172.31.255.6', '15133445566'),
                                                                                                                                           ('USR10048', 'bai_w', 'RL100008', 'AG100008', '白薇', 'bw!2025', 0, 'usr_lucy', '202512141630', '10.0.0.130', '18844556677'),
                                                                                                                                           ('USR10049', 'huai_l', 'RL100009', 'AG100009', '怀立', 'hl@pw', 1, 'usr_jack', '202501051015', '198.18.0.4', '13233445566'),
                                                                                                                                           ('USR10050', 'tan_x', 'RL100010', 'AG100010', '谭欣', 'tx#123', 1, 'usr_kate', '202502161850', '203.0.113.102', '13744556677'),
                                                                                                                                           ('USR10051', 'qi_z', 'RL100011', 'AG100011', '齐振', 'qz_2025', 0, 'usr_ryan', '202503071325', '192.168.0.203', '13955667788'),
                                                                                                                                           ('USR10052', 'miao_y', 'RL100012', 'AG100012', '苗悦', 'my@pw', 1, 'usr_rose', '202504181110', '172.20.10.8', '18644556677'),
                                                                                                                                           ('USR10053', 'kang_j', 'RL100013', 'AG100013', '康健', 'kj!2025', 1, 'usr_leo', '202505091755', '10.100.50.28', '13588990011'),
                                                                                                                                           ('USR10054', 'gong_p', 'RL100014', 'AG100014', '龚平', 'gp#2025', 0, 'usr_zoe', '202506201640', '198.19.255.6', '15822334455'),
                                                                                                                                           ('USR10055', 'wen_h', 'RL100015', 'AG100015', '温慧', 'wh_pw', 1, 'usr_max', '202507111025', '192.0.0.15', '13788776655'),
                                                                                                                                           ('USR10056', 'leng_y', 'RL100016', 'AG100016', '冷艳', 'ly@2025', 1, 'usr_ella', '202508021510', '172.17.1.103', '13900998877'),
                                                                                                                                           ('USR10057', 'su_j', 'RL100017', 'AG100017', '苏静', 'sj!123', 0, 'usr_owen', '202509131345', '10.1.1.257', '13366778899'),
                                                                                                                                           ('USR10058', 'lai_f', 'RL100018', 'AG100018', '赖峰', 'lf_2025', 1, 'usr_ava', '202510241230', '203.0.113.80', '13699001122'),
                                                                                                                                           ('USR10059', 'tong_m', 'RL100019', 'AG100019', '童敏', 'tm@pw', 1, 'usr_noah', '202511141115', '198.51.100.53', '15033445566'),
                                                                                                                                           ('USR10060', 'ji_x', 'RL100020', 'AG100020', '季翔', 'jx#2025', 0, 'usr_lily', '202512051600', '192.168.100.8', '18922334455');


INSERT INTO tickettype (TypeID, TypeName, Value, CanteenId, Status, FK_Creator, CreateDatetime, CreateIP, remark) VALUES
                                                                                                                      ('TYPE10001', '早餐券', 5, 'CT100001', 1, 'usr_john', '202501150830', '192.168.1.101', '限早餐时段使用'),
                                                                                                                      ('TYPE10002', '午餐券', 15, 'CT100002', 1, 'usr_emma', '202502101130', '10.20.30.40', '仅限周一至周五'),
                                                                                                                      ('TYPE10003', '晚餐券', 12, 'CT100003', 0, 'usr_mike', '202503051800', '172.16.254.1', '节假日不可用'),
                                                                                                                      ('TYPE10004', '通宵券', 8, 'CT100004', 1, 'usr_sara', '202504201930', '203.0.113.5', '限22:00后使用'),
                                                                                                                      ('TYPE10005', '清真券', 10, 'CT100005', 1, 'usr_tom', '202505151200', '198.51.100.10', '仅清真食堂'),
                                                                                                                      ('TYPE10006', '教工券', 12, 'CT100006', 0, 'usr_anna', '202506111100', '192.0.2.15', '教工专用'),
                                                                                                                      ('TYPE10007', '学生券', 6, 'CT100007', 1, 'usr_dave', '202507061430', '172.31.255.8', '需学生证'),
                                                                                                                      ('TYPE10008', '特惠券', 7, 'CT100008', 1, 'usr_lucy', '202508011700', '10.0.0.127', '限时优惠'),
                                                                                                                      ('TYPE10009', '节日券', 10, 'CT100009', 1, 'usr_jack', '202509220900', '198.18.0.1', '节假日专用'),
                                                                                                                      ('TYPE10010', '水果券', 4, 'CT100010', 0, 'usr_kate', '202510180930', '203.0.113.99', '仅换购水果'),
                                                                                                                      ('TYPE10011', '饮料券', 3, 'CT100011', 1, 'usr_ryan', '202511121630', '192.168.0.200', '不含酒精饮料'),
                                                                                                                      ('TYPE10012', '套餐券', 18, 'CT100012', 1, 'usr_rose', '202512070845', '172.20.10.5', 'A/B套餐任选'),
                                                                                                                      ('TYPE10013', '西餐券', 25, 'CT100013', 0, 'usr_leo', '202501251200', '10.100.50.25', '西餐厅专用'),
                                                                                                                      ('TYPE10014', '面点券', 6, 'CT100014', 1, 'usr_zoe', '202502191030', '198.19.255.3', '仅限面食窗口'),
                                                                                                                      ('TYPE10015', '汤品券', 5, 'CT100015', 1, 'usr_max', '202503161500', '192.0.0.12', '每日例汤专用'),
                                                                                                                      ('TYPE10016', '夜宵券', 9, 'CT100016', 1, 'usr_ella', '202504101730', '172.17.1.100', '21:00后可用'),
                                                                                                                      ('TYPE10017', '迎新券', 10, 'CT100017', 0, 'usr_owen', '202505051015', '10.1.1.254', '新生专用'),
                                                                                                                      ('TYPE10018', '毕业券', 15, 'CT100018', 1, 'usr_ava', '202506290900', '203.0.113.77', '毕业生纪念券'),
                                                                                                                      ('TYPE10019', '教师券', 12, 'CT100019', 1, 'usr_noah', '202507241130', '198.51.100.50', '教职工专用'),
                                                                                                                      ('TYPE10020', '访客券', 20, 'CT100020', 1, 'usr_lily', '202508181400', '192.168.100.5', '校外人员使用');

INSERT INTO stall (StallId, StallName, CanteenId, Statue, FK_Creator, CreateDatetime, CreateIP, StallLocation, StallNumber, principal, PrincipalId) VALUES
                                                                                                                                                        ('STL10001', '麻辣香锅', 'CT100001', 1, 'usr_john', '202501101000', '192.168.1.10', '东区', 'A01', '张师傅', 'USR10001'),
                                                                                                                                                        ('STL10002', '重庆小面', 'CT100001', 1, 'usr_emma', '202502151130', '10.0.0.11', '西侧', 'B05', '李师傅', 'USR10002'),
                                                                                                                                                        ('STL10003', '粤式烧腊', 'CT100002', 0, 'usr_mike', '202503201415', '172.16.0.12', '南区', 'C12', '王师傅', 'USR10003'),
                                                                                                                                                        ('STL10004', '水饺世家', 'CT100002', 1, 'usr_sara', '202504250930', '203.0.113.13', '北角', 'D08', '赵师傅', 'USR10004'),
                                                                                                                                                        ('STL10005', '黄焖鸡', 'CT100003', 1, 'usr_tom', '202505051600', '198.51.100.14', '中厅', 'E03', '钱师傅', 'USR10005'),
                                                                                                                                                        ('STL10006', '烤肉饭', 'CT100003', 1, 'usr_anna', '202506101115', '192.0.2.15', '东侧', 'F07', '孙师傅', 'USR10006'),
                                                                                                                                                        ('STL10007', '瓦罐汤', 'CT100004', 0, 'usr_dave', '202507151730', '172.31.255.16', '西区', 'G09', '周师傅', 'USR10007'),
                                                                                                                                                        ('STL10008', '煎饼果子', 'CT100004', 1, 'usr_lucy', '202508200845', '10.0.0.17', '入口', 'H02', '吴师傅', 'USR10008'),
                                                                                                                                                        ('STL10009', '台湾卤肉', 'CT100005', 1, 'usr_jack', '202509251020', '198.18.0.18', '出口', 'I14', '郑师傅', 'USR10009'),
                                                                                                                                                        ('STL10010', '沙县小吃', 'CT100005', 1, 'usr_kate', '202510301500', '203.0.113.19', '转角', 'J06', '冯师傅', 'USR10010'),
                                                                                                                                                        ('STL10011', '韩式料理', 'CT100006', 0, 'usr_ryan', '202511041130', '192.168.0.20', '东区', 'K11', '陈师傅', 'USR10011'),
                                                                                                                                                        ('STL10012', '日式拉面', 'CT100006', 1, 'usr_rose', '202512091745', '172.20.10.21', '西侧', 'L15', '楚师傅', 'USR10012'),
                                                                                                                                                        ('STL10013', '汉堡炸鸡', 'CT100007', 1, 'usr_leo', '202501141000', '10.100.50.22', '北角', 'M04', '魏师傅', 'USR10013'),
                                                                                                                                                        ('STL10014', '水果捞', 'CT100007', 1, 'usr_zoe', '202502191230', '198.19.255.23', '中厅', 'N10', '蒋师傅', 'USR10014'),
                                                                                                                                                        ('STL10015', '轻食沙拉', 'CT100008', 0, 'usr_max', '202503241415', '192.0.0.24', '东侧', 'O13', '沈师傅', 'USR10015'),
                                                                                                                                                        ('STL10016', '奶茶铺', 'CT100008', 1, 'usr_ella', '202504290930', '172.17.1.25', '西区', 'P01', '韩师傅', 'USR10016'),
                                                                                                                                                        ('STL10017', '包子铺', 'CT100009', 1, 'usr_owen', '202505041600', '10.1.1.26', '入口', 'Q05', '杨师傅', 'USR10017'),
                                                                                                                                                        ('STL10018', '粥品轩', 'CT100009', 1, 'usr_ava', '202506091115', '203.0.113.27', '出口', 'R09', '朱师傅', 'USR10018'),
                                                                                                                                                        ('STL10019', '河南烩面', 'CT100010', 0, 'usr_noah', '202507141730', '198.51.100.28', '转角', 'S03', '秦师傅', 'USR10019'),
                                                                                                                                                        ('STL10020', '陕西凉皮', 'CT100010', 1, 'usr_lily', '202508190845', '192.168.100.29', '东区', 'T07', '尤师傅', 'USR10020'),
                                                                                                                                                        ('STL10021', '新疆烧烤', 'CT100011', 1, 'usr_john', '202509231020', '192.168.1.30', '西侧', 'A11', '徐师傅', 'USR10021'),
                                                                                                                                                        ('STL10022', '海南鸡饭', 'CT100011', 1, 'usr_emma', '202510281500', '10.0.0.31', '北角', 'B15', '何师傅', 'USR10022'),
                                                                                                                                                        ('STL10023', '云南米线', 'CT100012', 0, 'usr_mike', '202511021130', '172.16.0.32', '中厅', 'C02', '罗师傅', 'USR10023'),
                                                                                                                                                        ('STL10024', '山西刀削', 'CT100012', 1, 'usr_sara', '202512071745', '203.0.113.33', '东侧', 'D06', '高师傅', 'USR10024'),
                                                                                                                                                        ('STL10025', '湖南蒸菜', 'CT100013', 1, 'usr_tom', '202501121000', '198.51.100.34', '西区', 'E10', '林师傅', 'USR10025'),
                                                                                                                                                        ('STL10026', '东北水饺', 'CT100013', 1, 'usr_anna', '202502171230', '192.0.2.35', '入口', 'F14', '马师傅', 'USR10026'),
                                                                                                                                                        ('STL10027', '广式茶点', 'CT100014', 0, 'usr_dave', '202503221415', '172.31.255.36', '出口', 'G03', '梁师傅', 'USR10027'),
                                                                                                                                                        ('STL10028', '川湘小炒', 'CT100014', 1, 'usr_lucy', '202504270930', '10.0.0.37', '转角', 'H07', '蔡师傅', 'USR10028'),
                                                                                                                                                        ('STL10029', '江浙菜', 'CT100015', 1, 'usr_jack', '202505021600', '198.18.0.38', '东区', 'I11', '谢师傅', 'USR10029'),
                                                                                                                                                        ('STL10030', '鲁味斋', 'CT100015', 1, 'usr_kate', '202506061115', '203.0.113.39', '西侧', 'J15', '唐师傅', 'USR10030'),
                                                                                                                                                        ('STL10031', '闽台风味', 'CT100016', 0, 'usr_ryan', '202507111730', '192.168.0.40', '北角', 'K04', '宋师傅', 'USR10031'),
                                                                                                                                                        ('STL10032', '清真面馆', 'CT100016', 1, 'usr_rose', '202508160845', '172.20.10.41', '中厅', 'L08', '潘师傅', 'USR10032'),
                                                                                                                                                        ('STL10033', '素食坊', 'CT100017', 1, 'usr_leo', '202509201020', '10.100.50.42', '东侧', 'M12', '任师傅', 'USR10033'),
                                                                                                                                                        ('STL10034', '甜品站', 'CT100017', 1, 'usr_zoe', '202510251500', '198.19.255.43', '西区', 'N01', '杜师傅', 'USR10034'),
                                                                                                                                                        ('STL10035', '咖啡角', 'CT100018', 0, 'usr_max', '202511291130', '192.0.0.44', '入口', 'O05', '邓师傅', 'USR10035'),
                                                                                                                                                        ('STL10036', '果汁吧', 'CT100018', 1, 'usr_ella', '202512041745', '172.17.1.45', '出口', 'P09', '鲍师傅', 'USR10036'),
                                                                                                                                                        ('STL10037', '面包坊', 'CT100019', 1, 'usr_owen', '202501091000', '10.1.1.46', '转角', 'Q13', '彭师傅', 'USR10037'),
                                                                                                                                                        ('STL10038', '寿司吧', 'CT100019', 1, 'usr_ava', '202502141230', '203.0.113.47', '东区', 'R02', '陆师傅', 'USR10038'),
                                                                                                                                                        ('STL10039', '铁板烧', 'CT100020', 0, 'usr_noah', '202503191415', '198.51.100.48', '西侧', 'S06', '孔师傅', 'USR10039'),
                                                                                                                                                        ('STL10040', '煲仔饭', 'CT100020', 1, 'usr_lily', '202504240930', '192.168.100.49', '北角', 'T10', '严师傅', 'USR10040');



INSERT INTO `order`(OrderId,OrderNumber, AgenciesId, PassUserId, Status, FK_Creator, CreateDatetime, CreateIP, Suggestion, ExpirationTime, PassTime, StartUserid) VALUES
                                                                                                                                                                      ('ORD202301','2025071501', 'AG100001', 'USR10002', 1, 'usr_john', '202507150830', '192.168.1.101', '订单审核通过', '202507301230', '1030', 'USR10001'),
                                                                                                                                                                      ('ORD202302','2025071502', 'AG100002', 'USR10005', 0, 'usr_emma', '202507151045', '10.20.30.40', '机构信息不全，请补充', '202507301500', '', 'USR10003'),
                                                                                                                                                                      ('ORD202303','2025071601', 'AG100003', 'USR10008', 1, 'usr_mike', '202507160845', '172.16.254.1', '审批完成', '202507311000', '0930', 'USR10004'),
                                                                                                                                                                      ('ORD202304','2025071602', 'AG100004', 'USR10011', 1, 'usr_sara', '202507161130', '203.0.113.5', '审批完成', '202507311430', '1400', 'USR10006'),
                                                                                                                                                                      ('ORD202305','2025071701', 'AG100005', 'USR10014', 0, 'usr_tom', '202507170930', '198.51.100.10', '预算超标需调整', '202508011000', '', 'USR10007'),
                                                                                                                                                                      ('ORD202306','2025071702', 'AG100006', 'USR10017', 1, 'usr_anna', '202507171415', '192.0.2.15', '同意采购', '202508011500', '1530', 'USR10009'),
                                                                                                                                                                      ('ORD202307','2025071801', 'AG100007', 'USR10020', 1, 'usr_dave', '202507180800', '172.31.255.8', '已批准', '202508021130', '1000', 'USR10010'),
                                                                                                                                                                      ('ORD202308','2025071802', 'AG100008', 'USR10023', 0, 'usr_lucy', '202507181100', '10.0.0.127', '供应商资质不符', '202508021600', '', 'USR10012'),
                                                                                                                                                                      ('ORD202309','2025071901', 'AG100009', 'USR10026', 1, 'usr_jack', '202507190930', '198.18.0.1', '审批完成', '202508031000', '1030', 'USR10013'),
                                                                                                                                                                      ('ORD202310','2025071902', 'AG100010', 'USR10029', 1, 'usr_kate', '202507191330', '203.0.113.99', '订单处理完成', '202508031430', '1500', 'USR10015'),
                                                                                                                                                                      ('ORD202311','2025072001', 'AG100011', 'USR10032', 0, 'usr_ryan', '202507200945', '192.168.0.200', '数量超出限额', '202508041100', '', 'USR10016'),
                                                                                                                                                                      ('ORD202312','2025072002', 'AG100012', 'USR10035', 1, 'usr_rose', '202507201230', '172.20.10.5', '审核通过', '202508041500', '1430', 'USR10018'),
                                                                                                                                                                      ('ORD202313','2025072102', 'AG100014', 'USR10041', 0, 'usr_zoe', '202507211130', '198.19.255.3', '请重新提交申请', '202508051430', '', 'USR10021'),
                                                                                                                                                                      ('ORD202314','2025072201', 'AG100015', 'USR10044', 1, 'usr_max', '202507220930', '192.0.0.12', '已处理', '202508061000', '1030', 'USR10022'),
                                                                                                                                                                      ('ORD202315','2025072202', 'AG100016', 'USR10047', 1, 'usr_ella', '202507221500', '172.17.1.100', '审批完成', '202508061500', '1530', 'USR10024'),
                                                                                                                                                                      ('ORD202316','2025072101', 'AG100013', 'USR10038', 1, 'usr_leo', '202507210830', '10.100.50.25', '无异议', '202508051000', '0930', 'USR10019'),
                                                                                                                                                                      ('ORD202317','2025072301', 'AG100017', 'USR10050', 0, 'usr_owen', '202507230830', '10.1.1.254', '缺少必要文件', '202508071000', '', 'USR10025'),
                                                                                                                                                                      ('ORD202318','2025072302', 'AG100018', 'USR10053', 1, 'usr_ava', '202507231100', '203.0.113.77', '审批完成', '202508071430', '1200', 'USR10027'),
                                                                                                                                                                      ('ORD202319','2025072401', 'AG100019', 'USR10056', 1, 'usr_noah', '202507240930', '198.51.100.50', '通过审核', '202508081000', '1030', 'USR10028'),
                                                                                                                                                                      ('ORD202320','2025072402', 'AG100020', 'USR10059', 0, 'usr_lily', '202507241330', '192.168.100.5', '预算不足', '202508081500', '', 'USR10030'),
                                                                                                                                                                      ('ORD202321','2025072501', 'AG100001', 'USR10002', 1, 'usr_john', '202507250845', '192.168.1.102', '订单已批准', '202508091130', '1000', 'USR10031'),
                                                                                                                                                                      ('ORD202322','2025072502', 'AG100002', 'USR10005', 1, 'usr_emma', '202507251130', '10.20.30.41', '处理完成', '202508091600', '1330', 'USR10033'),
                                                                                                                                                                      ('ORD202323','2025072601', 'AG100003', 'USR10008', 0, 'usr_mike', '202507260930', '172.16.254.2', '信息不完整', '202508101000', '', 'USR10034'),
                                                                                                                                                                      ('ORD202324','2025072602', 'AG100004', 'USR10011', 1, 'usr_sara', '202507261430', '203.0.113.6', '审批完成', '202508101500', '1530', 'USR10036'),
                                                                                                                                                                      ('ORD202325','2025072701', 'AG100005', 'USR10014', 1, 'usr_tom', '202507270800', '198.51.100.11', '审核通过', '202508111000', '0930', 'USR10037'),
                                                                                                                                                                      ('ORD202326','2025072702', 'AG100006', 'USR10017', 0, 'usr_anna', '202507271100', '192.0.2.16', '需补充说明', '202508111430', '', 'USR10039'),
                                                                                                                                                                      ('ORD202327','2025072801', 'AG100007', 'USR10020', 1, 'usr_dave', '202507280930', '172.31.255.9', '已处理', '202508121000', '1030', 'USR10040'),
                                                                                                                                                                      ('ORD202328','2025072802', 'AG100008', 'USR10023', 1, 'usr_lucy', '202507281330', '10.0.0.128', '无问题', '202508121500', '1500', 'USR10042'),
                                                                                                                                                                      ('ORD202329','2025072901', 'AG100009', 'USR10026', 0, 'usr_jack', '202507290845', '198.18.0.2', '不符合规定', '202508131130', '', 'USR10043'),
                                                                                                                                                                      ('ORD202330','2025072902', 'AG100010', 'USR10029', 1, 'usr_kate', '202507291130', '203.0.113.100', '审批完成', '202508131600', '1400', 'USR10045'),
                                                                                                                                                                      ('ORD202331','2025073001', 'AG100011', 'USR10032', 1, 'usr_ryan', '202507300930', '192.168.0.201', '通过', '202508141000', '1030', 'USR10046'),
                                                                                                                                                                      ('ORD202332','2025073002', 'AG100012', 'USR10035', 0, 'usr_rose', '202507301500', '172.20.10.6', '需要重新评估', '202508141500', '', 'USR10048'),
                                                                                                                                                                      ('ORD202333','2025073101', 'AG100013', 'USR10038', 1, 'usr_leo', '202507310800', '10.100.50.26', '审批完成', '202508151000', '0930', 'USR10049'),
                                                                                                                                                                      ('ORD202334','2025073102', 'AG100014', 'USR10041', 1, 'usr_zoe', '202507311100', '198.19.255.4', '已批准', '202508151430', '1230', 'USR10051'),
                                                                                                                                                                      ('ORD202335','2025080101', 'AG100015', 'USR10044', 0, 'usr_max', '202508010930', '192.0.0.13', '材料不全', '202508161000', '', 'USR10052'),
                                                                                                                                                                      ('ORD202336','2025080102', 'AG100016', 'USR10047', 1, 'usr_ella', '202508011430', '172.17.1.101', '处理完成', '202508161500', '1530', 'USR10054'),
                                                                                                                                                                      ('ORD202337','2025080201', 'AG100017', 'USR10050', 1, 'usr_owen', '202508020845', '10.1.1.255', '审核通过', '202508171130', '1000', 'USR10055'),
                                                                                                                                                                      ('ORD202338','2025080202', 'AG100018', 'USR10053', 0, 'usr_ava', '202508021130', '203.0.113.78', '请修改后提交', '202508171600', '', 'USR10057'),
                                                                                                                                                                      ('ORD202339','2025080301', 'AG100019', 'USR10056', 1, 'usr_noah', '202508030930', '198.51.100.51', '审批完成', '202508181000', '1030', 'USR10058'),
                                                                                                                                                                      ('ORD202340','2025080302', 'AG100020', 'USR10059', 1, 'usr_lily', '202508031500', '192.168.100.6', '已处理', '202508181500', '1500', 'USR10060');


